{
  "calibration_metrics": {
    "accuracy_at_eer": 0.9275053304904051,
    "accuracy_at_locked_threshold": null,
    "auc": 0.9782703658251519,
    "eer": 0.07252220663861618,
    "eer_threshold": 0.10963527712991472,
    "far_at_eer": 0.07258064516129033,
    "far_at_locked_threshold": null,
    "frr_at_eer": 0.07246376811594203,
    "frr_at_locked_threshold": null,
    "n_negative_pairs": 496,
    "n_pairs": 1876,
    "n_positive_pairs": 1380
  },
  "calibration_pair_counts": {
    "positive": 1380,
    "random_impostor": 196,
    "skilled": 300
  },
  "calibration_threshold": 0.10963527712991472,
  "calibration_writer_count": 5,
  "calibration_writers": [
    12,
    17,
    24,
    31,
    50
  ],
  "cedar_root": "/Users/smondal/Library/CloudStorage/GoogleDrive-smondal@nd.edu/My Drive/1. ND/1. PhD courses/Spring 26/Project/cedar-bhsig260/CEDAR",
  "checkpoint": "/Users/smondal/Documents/Github/CSE60868-signature-project/siamese/runs/siamese_full_hpo_lr5e4_m075_20260408-152352/checkpoints/best.pt",
  "device": "mps",
  "evaluation_mode": "cedar_mode_b",
  "max_random_impostors_per_writer": 40,
  "max_skilled_forgeries_per_writer": 60,
  "max_writers": null,
  "test_metrics": {
    "accuracy_at_eer": 0.8728123836374275,
    "accuracy_at_locked_threshold": 0.9143039523378903,
    "auc": 0.950121430083118,
    "eer": 0.1270721028263624,
    "eer_threshold": 0.06467403549460574,
    "far_at_eer": 0.1268253650730146,
    "far_at_locked_threshold": 0.29245849169833965,
    "frr_at_eer": 0.12731884057971016,
    "frr_at_locked_threshold": 0.010797101449275362,
    "n_negative_pairs": 4999,
    "n_pairs": 18799,
    "n_positive_pairs": 13800
  },
  "test_pair_counts": {
    "positive": 13800,
    "random_impostor": 1999,
    "skilled": 3000
  },
  "test_pair_type_locked_threshold_metrics": {
    "positive_frr_at_locked_threshold": 0.010797101449275362,
    "positive_n_pairs": 13800,
    "random_impostor_far_at_locked_threshold": 0.7268634317158579,
    "random_impostor_n_pairs": 1999,
    "skilled_far_at_locked_threshold": 0.003,
    "skilled_n_pairs": 3000
  },
  "test_writer_count": 50,
  "test_writers": [
    1,
    2,
    3,
    4,
    5,
    6,
    7,
    8,
    9,
    10,
    11,
    13,
    14,
    15,
    16,
    18,
    19,
    20,
    21,
    22,
    23,
    25,
    26,
    27,
    28,
    29,
    30,
    32,
    33,
    34,
    35,
    36,
    37,
    38,
    39,
    40,
    41,
    42,
    43,
    44,
    45,
    46,
    47,
    48,
    49,
    51,
    52,
    53,
    54,
    55
  ]
}