{
  "run_tag": "cedar_forgery_custom",
  "task": "forgery",
  "backbone": "custom",
  "num_classes": 2,
  "train_samples": 1540,
  "val_samples": 550,
  "test_samples": 550,
  "epochs": 30,
  "batch_size": 8,
  "best_val_acc": 0.6054545454545455,
  "eval_mode_train_acc": 0.5935064935064935,
  "test_acc": 0.5618181818181818,
  "test_loss": 1.2529095248200677,
  "chance_acc": 0.5,
  "lift_over_chance": 1.1236363636363635,
  "train_loss_history": [
    0.722853858285136,
    0.22927024291175138,
    0.035706786703705404,
    0.02530808890776636,
    0.03385260529912911,
    0.031502180426780664,
    0.024228233322440708,
    0.015155109278736758,
    0.02328383560275792,
    0.015031049163806457,
    0.00870071234402259,
    0.009651596263518206,
    0.014476018160575541,
    0.0016152764753704625,
    0.008236292212885538,
    0.011977955941322513,
    0.004677809602822867,
    0.008907913461035758,
    0.0034761447325657277,
    0.007256112519240418,
    0.003993258094672089,
    0.002665531420823211,
    0.0028409816687563795,
    0.0065238282742136,
    0.0032133279517958207,
    0.0008814468712231458,
    0.0008220202240007386,
    0.0005472013884066762,
    0.006156134946943055,
    0.0007096341305016237
  ],
  "val_loss_history": [
    0.6940968615358526,
    1.1210544434189798,
    2.6749856503557585,
    1.8377576793637127,
    2.295514999712733,
    2.996536078366705,
    2.4844805078589443,
    2.996156192624264,
    2.1672166740945116,
    2.993045235277492,
    2.6585371479121123,
    3.36516072998289,
    3.245573676424524,
    3.643470742460552,
    3.6046190728096885,
    3.078110256826251,
    3.349903806759129,
    2.8573500047530977,
    3.6135493475897236,
    3.2724542905212464,
    3.636529338813641,
    2.9079971137388863,
    3.639738023780413,
    3.36551353311145,
    3.511310293401634,
    3.6052136371328114,
    3.6950018313755706,
    3.733598913906396,
    3.6453494895160707,
    3.6593922344768757
  ],
  "train_acc_history": [
    0.4941558441558442,
    0.887012987012987,
    0.9896103896103896,
    0.9915584415584415,
    0.9883116883116884,
    0.990909090909091,
    0.9935064935064936,
    0.9961038961038962,
    0.9915584415584415,
    0.9941558441558441,
    0.9954545454545455,
    0.9961038961038962,
    0.9974025974025974,
    1.0,
    0.9967532467532467,
    0.9961038961038962,
    0.9980519480519481,
    0.9987012987012988,
    0.9993506493506493,
    0.9974025974025974,
    0.9993506493506493,
    0.9993506493506493,
    0.9987012987012988,
    0.9980519480519481,
    0.9987012987012988,
    1.0,
    1.0,
    1.0,
    0.9987012987012988,
    1.0
  ],
  "val_acc_history": [
    0.5,
    0.6054545454545455,
    0.5036363636363637,
    0.5618181818181818,
    0.5,
    0.5,
    0.5127272727272727,
    0.5,
    0.5254545454545455,
    0.5018181818181818,
    0.5036363636363637,
    0.5,
    0.5036363636363637,
    0.5036363636363637,
    0.5,
    0.5,
    0.5,
    0.5,
    0.5,
    0.5,
    0.5,
    0.5054545454545455,
    0.5,
    0.5036363636363637,
    0.5,
    0.5018181818181818,
    0.5018181818181818,
    0.5018181818181818,
    0.5018181818181818,
    0.5018181818181818
  ]
}