{
  "run_tag": "cedar_forgery_resnet18",
  "task": "forgery",
  "backbone": "resnet18",
  "num_classes": 2,
  "train_samples": 1540,
  "val_samples": 550,
  "test_samples": 550,
  "epochs": 30,
  "batch_size": 8,
  "best_val_acc": 1.0,
  "eval_mode_train_acc": 1.0,
  "test_acc": 1.0,
  "test_loss": 0.0023548695707259785,
  "chance_acc": 0.5,
  "lift_over_chance": 2.0,
  "train_loss_history": [
    0.1039412497052947,
    0.01517342807053794,
    0.02350163598459474,
    0.0217961361203131,
    0.029368359934540116,
    0.01084062050306654,
    0.01417490999445292,
    0.01692505677651811,
    0.002255425004076134,
    0.008416223387559346,
    0.020585327832952034,
    0.010782391962148521,
    0.0009463171489837156,
    0.0003006673259024664,
    0.02693557079666742,
    0.005933415262183921,
    0.000683215686413777,
    0.03657682570478578,
    0.008731480022739655,
    0.003563574704826528,
    0.016587684199334176,
    0.0014301008005496477,
    0.000817119056364981,
    0.0006056959093635291,
    0.0033006038143134726,
    0.012885536629401976,
    0.0039686945154622285,
    0.003475802535236157,
    0.00497520277936196,
    0.012396701531174408
  ],
  "val_loss_history": [
    0.014253255956938191,
    0.0018553498177061557,
    0.00369871920644109,
    0.0016226749884392369,
    0.0029796912709126387,
    0.002367258413856193,
    0.009341440025227996,
    0.0016855917322960259,
    0.001131944634262254,
    0.0017340017660650501,
    0.0024295890614468426,
    0.001742672991692806,
    0.0007406631454889314,
    0.0006044622059004145,
    0.014134971082887866,
    0.0033342155700518883,
    0.0010604537254072387,
    0.004907351540909572,
    0.0014425311401514177,
    0.0015913140762000406,
    0.0045168910146987234,
    0.00382140119665895,
    0.0019509267143538718,
    0.0017087431047201045,
    0.0010993230404512196,
    0.0011488617929254277,
    0.0012741318663492247,
    0.001322377792305567,
    0.0014295860945342362,
    0.0012131747166991276
  ],
  "train_acc_history": [
    0.9603896103896103,
    0.9954545454545455,
    0.9954545454545455,
    0.9948051948051948,
    0.9915584415584415,
    0.9961038961038962,
    0.9974025974025974,
    0.9967532467532467,
    1.0,
    0.9987012987012988,
    0.9948051948051948,
    0.9967532467532467,
    1.0,
    1.0,
    0.9941558441558441,
    0.9980519480519481,
    1.0,
    0.9902597402597403,
    0.9967532467532467,
    0.9987012987012988,
    0.9935064935064936,
    1.0,
    1.0,
    1.0,
    0.9980519480519481,
    0.9967532467532467,
    0.9993506493506493,
    0.9980519480519481,
    0.9980519480519481,
    0.9954545454545455
  ],
  "val_acc_history": [
    0.9981818181818182,
    1.0,
    1.0,
    1.0,
    1.0,
    1.0,
    1.0,
    1.0,
    1.0,
    1.0,
    1.0,
    1.0,
    1.0,
    1.0,
    1.0,
    1.0,
    1.0,
    1.0,
    1.0,
    1.0,
    1.0,
    1.0,
    1.0,
    1.0,
    1.0,
    1.0,
    1.0,
    1.0,
    1.0,
    1.0
  ]
}