{
  "run_tag": "custom_10classes",
  "backbone": "custom",
  "num_classes": 10,
  "train_samples": 160,
  "val_samples": 30,
  "test_samples": 50,
  "epochs": 30,
  "batch_size": 8,
  "best_val_acc": 0.7666666666666667,
  "eval_mode_train_acc": 0.8,
  "test_acc": 0.76,
  "test_loss": 1.1738051319122313,
  "chance_acc": 0.1,
  "lift_over_chance": 7.6,
  "train_loss_history": [
    2.411323869228363,
    2.342981922626495,
    2.2432316899299622,
    2.2531312584877012,
    2.2196340680122377,
    2.1525128364562987,
    2.0799050509929655,
    1.9788513004779815,
    1.890988951921463,
    1.8870448112487792,
    1.7979039967060089,
    1.7933516085147858,
    1.6890362083911896,
    1.6399183988571167,
    1.6458001136779785,
    1.5722679138183593,
    1.5564509987831117,
    1.4784228444099425,
    1.4149909257888793,
    1.412281060218811,
    1.2940953940153122,
    1.2937381088733673,
    1.2691527664661408,
    1.2589127898216248,
    1.2184825211763382,
    1.2148832619190215,
    1.1671605587005616,
    1.1636301100254058,
    1.1392931133508681,
    1.1574606120586395
  ],
  "val_loss_history": [
    2.3092451731363934,
    2.2692800998687743,
    2.237661918004354,
    2.1955870628356933,
    2.149813254674276,
    2.0754944642384845,
    2.0442409038543703,
    1.9181309541066487,
    1.8268534819285074,
    1.773809591929118,
    1.7743438959121705,
    1.7850295305252075,
    1.6141332626342773,
    1.5595403989156087,
    1.5681601603825888,
    1.4714852730433146,
    1.6113337914148966,
    1.3830188353856405,
    1.3472517728805542,
    1.3372937520345052,
    1.2744057019551596,
    1.2494006236394246,
    1.2074387470881145,
    1.1723307450612386,
    1.1595874230066936,
    1.1444994608561199,
    1.1373657941818238,
    1.1220148960749308,
    1.1196892340977986,
    1.1189871708552042
  ],
  "train_acc_history": [
    0.14375,
    0.09375,
    0.19375,
    0.2,
    0.175,
    0.2125,
    0.2125,
    0.2375,
    0.2625,
    0.2625,
    0.31875,
    0.3,
    0.35625,
    0.3875,
    0.3375,
    0.4,
    0.4125,
    0.50625,
    0.525,
    0.50625,
    0.59375,
    0.60625,
    0.55625,
    0.6625,
    0.65625,
    0.66875,
    0.7125,
    0.6875,
    0.73125,
    0.7
  ],
  "val_acc_history": [
    0.1,
    0.13333333333333333,
    0.16666666666666666,
    0.2,
    0.23333333333333334,
    0.3,
    0.13333333333333333,
    0.43333333333333335,
    0.43333333333333335,
    0.4666666666666667,
    0.3333333333333333,
    0.3,
    0.5,
    0.43333333333333335,
    0.4,
    0.6,
    0.5,
    0.6,
    0.6333333333333333,
    0.6333333333333333,
    0.6333333333333333,
    0.6666666666666666,
    0.7666666666666667,
    0.6666666666666666,
    0.7,
    0.7333333333333333,
    0.7333333333333333,
    0.7,
    0.7666666666666667,
    0.7
  ]
}