{
  "run_tag": "custom_allclasses",
  "backbone": "custom",
  "num_classes": 160,
  "train_samples": 2560,
  "val_samples": 480,
  "test_samples": 800,
  "epochs": 50,
  "batch_size": 8,
  "best_val_acc": 0.49583333333333335,
  "eval_mode_train_acc": 0.539453125,
  "test_acc": 0.4875,
  "test_loss": 2.254099360704422,
  "chance_acc": 0.00625,
  "lift_over_chance": 78.0,
  "train_loss_history": [
    5.152490967512131,
    5.090462426841259,
    5.051259623467923,
    4.830993308126926,
    4.618649013340473,
    4.4598833352327345,
    4.363635204732418,
    4.155952564626932,
    3.981720070540905,
    3.8252683356404305,
    3.7421075761318208,
    3.675753774493933,
    3.5706147745251657,
    3.535417256504297,
    3.4886246129870413,
    3.4344288781285286,
    3.4020195834338667,
    3.3551806688308714,
    3.3078289993107317,
    3.2807244695723057,
    3.210703820362687,
    3.181753805279732,
    3.1234429739415646,
    3.051766012609005,
    2.9980753414332866,
    2.955037819221616,
    2.8811605878174307,
    2.826901054009795,
    2.7550864279270173,
    2.698682574927807,
    2.6494482714682817,
    2.6157530274242164,
    2.5497792795300485,
    2.5126812137663364,
    2.479037104919553,
    2.4248769998550417,
    2.4044574674218895,
    2.374439723417163,
    2.351052090153098,
    2.3211359910666944,
    2.2995114605873823,
    2.280250321701169,
    2.260061541572213,
    2.259383882209659,
    2.2465842671692373,
    2.2364843215793373,
    2.2329066079109907,
    2.230967044457793,
    2.2263243813067675,
    2.2213341742753983
  ],
  "val_loss_history": [
    5.071312991778056,
    5.05116446018219,
    4.927031246821086,
    4.61666309038798,
    4.4097164392471315,
    4.302961460749308,
    4.229338697592417,
    3.989484798908234,
    3.8254929025967916,
    3.662390148639679,
    3.5953810771306354,
    3.5894089221954344,
    3.461165980497996,
    3.5257936040560405,
    3.4077025492986044,
    3.3251677632331846,
    3.3005111455917358,
    3.275809468825658,
    3.316879443327586,
    3.2475842436154685,
    3.1315800289313,
    3.1967273811499277,
    3.106742326418559,
    2.9890465637048087,
    2.947937723000844,
    2.91867755651474,
    2.84560618797938,
    2.8129850844542186,
    2.9617954591910043,
    2.6748318711916608,
    2.627242511510849,
    2.6997229357560477,
    2.7122783680756886,
    2.527557639280955,
    2.490511469046275,
    2.422537386417389,
    2.4104733149210613,
    2.4380423605442045,
    2.3468743721644083,
    2.3563192625840506,
    2.3376332263151807,
    2.32919971148173,
    2.3420044978459678,
    2.3421759446461996,
    2.3164213756720224,
    2.2884346803029376,
    2.2717696726322174,
    2.2787644982337953,
    2.285816806554794,
    2.2875093539555866
  ],
  "train_acc_history": [
    0.00234375,
    0.003515625,
    0.009375,
    0.014453125,
    0.016015625,
    0.023046875,
    0.030078125,
    0.04453125,
    0.059375,
    0.066015625,
    0.07890625,
    0.085546875,
    0.094921875,
    0.096875,
    0.106640625,
    0.1015625,
    0.11328125,
    0.125,
    0.14375,
    0.1421875,
    0.1609375,
    0.159375,
    0.178515625,
    0.2046875,
    0.209765625,
    0.229296875,
    0.2515625,
    0.2609375,
    0.27734375,
    0.296875,
    0.32421875,
    0.32109375,
    0.344140625,
    0.36328125,
    0.369140625,
    0.390234375,
    0.39765625,
    0.4109375,
    0.4109375,
    0.421875,
    0.418359375,
    0.43828125,
    0.439453125,
    0.433203125,
    0.442578125,
    0.453125,
    0.45078125,
    0.468359375,
    0.451171875,
    0.465234375
  ],
  "val_acc_history": [
    0.00625,
    0.00625,
    0.010416666666666666,
    0.020833333333333332,
    0.027083333333333334,
    0.04791666666666667,
    0.03958333333333333,
    0.0625,
    0.08333333333333333,
    0.0875,
    0.09791666666666667,
    0.10833333333333334,
    0.09166666666666666,
    0.1125,
    0.1375,
    0.14791666666666667,
    0.1625,
    0.14166666666666666,
    0.15208333333333332,
    0.15625,
    0.19583333333333333,
    0.18541666666666667,
    0.18125,
    0.24166666666666667,
    0.275,
    0.275,
    0.3145833333333333,
    0.30833333333333335,
    0.24166666666666667,
    0.33541666666666664,
    0.3625,
    0.33541666666666664,
    0.31666666666666665,
    0.375,
    0.3770833333333333,
    0.4625,
    0.41458333333333336,
    0.4125,
    0.45208333333333334,
    0.44375,
    0.45625,
    0.4583333333333333,
    0.45416666666666666,
    0.4395833333333333,
    0.44166666666666665,
    0.4708333333333333,
    0.49583333333333335,
    0.4708333333333333,
    0.46875,
    0.46458333333333335
  ]
}