{
  "run_tag": "custom_2classes",
  "backbone": "custom",
  "num_classes": 2,
  "train_samples": 32,
  "val_samples": 6,
  "test_samples": 10,
  "epochs": 20,
  "batch_size": 8,
  "best_val_acc": 1.0,
  "eval_mode_train_acc": 0.96875,
  "test_acc": 1.0,
  "test_loss": 0.6830548048019409,
  "chance_acc": 0.5,
  "lift_over_chance": 2.0,
  "train_loss_history": [
    1.1198820024728775,
    0.7854767590761185,
    0.7867242991924286,
    0.6846891045570374,
    0.7613340020179749,
    0.715676560997963,
    0.7076682597398758,
    0.7314090430736542,
    0.6659361720085144,
    0.6866361647844315,
    0.7328647077083588,
    0.719857469201088,
    0.6726354509592056,
    0.7361424118280411,
    0.690466046333313,
    0.6734541952610016,
    0.6870916187763214,
    0.6409698724746704,
    0.7205633521080017,
    0.6764572262763977
  ],
  "val_loss_history": [
    0.6937425136566162,
    0.8198781609535217,
    0.6915138363838196,
    0.7090018391609192,
    0.715972900390625,
    0.6942732930183411,
    0.6951034665107727,
    0.6934320330619812,
    0.688334047794342,
    0.6852807402610779,
    0.6846084594726562,
    0.6834954619407654,
    0.6815915107727051,
    0.6805048584938049,
    0.6795523166656494,
    0.678787887096405,
    0.6781219840049744,
    0.6777837872505188,
    0.677631676197052,
    0.6775969862937927
  ],
  "train_acc_history": [
    0.375,
    0.5625,
    0.53125,
    0.53125,
    0.46875,
    0.5625,
    0.46875,
    0.46875,
    0.59375,
    0.53125,
    0.375,
    0.40625,
    0.59375,
    0.5,
    0.5,
    0.5625,
    0.46875,
    0.65625,
    0.46875,
    0.59375
  ],
  "val_acc_history": [
    0.5,
    0.5,
    0.5,
    0.5,
    0.5,
    0.5,
    0.5,
    0.5,
    0.5,
    0.5,
    0.5,
    0.5,
    1.0,
    1.0,
    1.0,
    1.0,
    1.0,
    1.0,
    1.0,
    1.0
  ]
}