{
  "run_tag": "resnet18_2classes",
  "backbone": "resnet18",
  "num_classes": 2,
  "train_samples": 32,
  "val_samples": 6,
  "test_samples": 10,
  "epochs": 20,
  "batch_size": 8,
  "best_val_acc": 1.0,
  "eval_mode_train_acc": 1.0,
  "test_acc": 1.0,
  "test_loss": 0.08542274534702302,
  "chance_acc": 0.5,
  "lift_over_chance": 2.0,
  "train_loss_history": [
    0.41586387529969215,
    0.10254237800836563,
    0.03366796160116792,
    0.031041381880640984,
    0.01527340430766344,
    0.008825652184896171,
    0.023384421481750906,
    0.00585271418094635,
    0.005636566784232855,
    0.00416914711240679,
    0.005201244173804298,
    0.020054993132362142,
    0.057900422892998904,
    0.001858673756942153,
    0.08272837274125777,
    0.002798169880406931,
    0.009800063475267962,
    0.0026186689792666584,
    0.011464071343652904,
    0.002557224332122132
  ],
  "val_loss_history": [
    0.74233078956604,
    0.4899580180644989,
    0.19550512731075287,
    0.07587175816297531,
    0.03865126892924309,
    0.02162487618625164,
    0.012416648678481579,
    0.008280402980744839,
    0.0058269924484193325,
    0.004764309152960777,
    0.0041883159428834915,
    0.003530800109729171,
    0.003178342478349805,
    0.003092555096372962,
    0.0025372952222824097,
    0.0025333818048238754,
    0.002485379809513688,
    0.00230897543951869,
    0.0022612905595451593,
    0.002640877850353718
  ],
  "train_acc_history": [
    0.90625,
    1.0,
    1.0,
    1.0,
    1.0,
    1.0,
    1.0,
    1.0,
    1.0,
    1.0,
    1.0,
    1.0,
    1.0,
    1.0,
    0.96875,
    1.0,
    1.0,
    1.0,
    1.0,
    1.0
  ],
  "val_acc_history": [
    0.3333333333333333,
    0.8333333333333334,
    1.0,
    1.0,
    1.0,
    1.0,
    1.0,
    1.0,
    1.0,
    1.0,
    1.0,
    1.0,
    1.0,
    1.0,
    1.0,
    1.0,
    1.0,
    1.0,
    1.0,
    1.0
  ]
}