name,kind,auc,eer,far_at_locked_threshold,frr_at_locked_threshold,delta_auc,delta_eer,delta_far_locked,delta_frr_locked
baseline,none,0.9369675925925927,0.14791666666666667,0.2375,0.06666666666666667,0.0,0.0,0.0,0.0
rotate_p3,rotate,0.9220081018518519,0.1701388888888889,0.23333333333333334,0.09722222222222222,-0.014959490740740766,0.022222222222222227,-0.004166666666666652,0.030555555555555558
rotate_m3,rotate,0.9168807870370371,0.17291666666666666,0.1875,0.125,-0.02008680555555553,0.024999999999999994,-0.04999999999999999,0.058333333333333334
resolution_50,resolution,0.6156944444444445,0.4513888888888889,0.42083333333333334,0.46111111111111114,-0.3212731481481481,0.30347222222222225,0.18333333333333335,0.3944444444444445
thickness_plus1,thickness,0.7698090277777778,0.26944444444444443,0.0,1.0,-0.16715856481481484,0.12152777777777776,-0.2375,0.9333333333333333
thickness_minus1,thickness,0.48833912037037036,0.5166666666666667,0.37083333333333335,0.6277777777777778,-0.4486284722222223,0.36875,0.13333333333333336,0.5611111111111111
