{
  "calibration_metrics": {
    "auc": 0.9719166944607125,
    "eer": 0.08692903780812045,
    "eer_threshold": 0.09396831710459949,
    "far_at_eer": 0.08756031540543721,
    "far_at_locked_threshold": null,
    "frr_at_eer": 0.0862977602108037,
    "frr_at_locked_threshold": null,
    "n_pairs": 11533
  },
  "calibration_pair_counts": {
    "positive": 3036,
    "random_impostor": 2161,
    "skilled": 6336
  },
  "calibration_threshold": 0.09396831710459949,
  "calibration_writer_count": 11,
  "calibration_writers": [
    10,
    12,
    17,
    20,
    21,
    24,
    31,
    36,
    50,
    51,
    54
  ],
  "cedar_root": "/Users/smondal/Library/CloudStorage/GoogleDrive-smondal@nd.edu/My Drive/1. ND/1. PhD courses/Spring 26/Project/cedar-bhsig260/CEDAR",
  "checkpoint": "siamese/runs/siamese_full_hpo_lr5e4_m075_20260408-152352/checkpoints/best.pt",
  "device": "mps",
  "evaluation_mode": "cedar_mode_b",
  "max_random_impostors_per_writer": 200,
  "max_skilled_forgeries_per_writer": null,
  "max_writers": null,
  "test_metrics": {
    "auc": 0.9683473945411825,
    "eer": 0.09532626222069265,
    "eer_threshold": 0.06869655519466719,
    "far_at_eer": 0.09554382878921137,
    "far_at_locked_threshold": 0.15930812078569334,
    "frr_at_eer": 0.09510869565217392,
    "frr_at_locked_threshold": 0.022891963109354412,
    "n_pairs": 46254
  },
  "test_pair_counts": {
    "positive": 12144,
    "random_impostor": 8766,
    "skilled": 25344
  },
  "test_pair_type_locked_threshold_metrics": {
    "positive_frr_at_locked_threshold": 0.022891963109354412,
    "positive_n_pairs": 12144,
    "random_impostor_far_at_locked_threshold": 0.6179557380789413,
    "random_impostor_n_pairs": 8766,
    "skilled_far_at_locked_threshold": 0.000670770202020202,
    "skilled_n_pairs": 25344
  },
  "test_writer_count": 44,
  "test_writers": [
    1,
    2,
    3,
    4,
    5,
    6,
    7,
    8,
    9,
    11,
    13,
    14,
    15,
    16,
    18,
    19,
    22,
    23,
    25,
    26,
    27,
    28,
    29,
    30,
    32,
    33,
    34,
    35,
    37,
    38,
    39,
    40,
    41,
    42,
    43,
    44,
    45,
    46,
    47,
    48,
    49,
    52,
    53,
    55
  ]
}