{
  "best_threshold": 0.5558057835227564,
  "best_val_eer": 0.07703218418185212,
  "device": "cuda",
  "last_val": {
    "auc": 0.97148983667212,
    "eer": 0.08538420086047369,
    "eer_threshold": 0.619052028895022,
    "far_at_eer": 0.08632024118583033,
    "far_at_locked_threshold": 0.05449711079474081,
    "frr_at_eer": 0.08444816053511706,
    "frr_at_locked_threshold": 0.141164994425864,
    "n_pairs": 62116
  },
  "profile": "full",
  "run_dir": "siamese/runs/siamese_full_hpo_lr2e3_m075_20260408-152343",
  "train_augmentation_profile": "mild_v1",
  "train_samples": 8424,
  "val_pairs": 62116
}