name,kind,auc,eer,far_at_locked_threshold,frr_at_locked_threshold,delta_auc,delta_eer,delta_far_locked,delta_frr_locked
baseline,none,0.9753561152744024,0.07388820178867167,0.07434469474918348,0.07364827201783723,0.0,0.0,0.0,0.0
rotate_p3,rotate,0.9756226325910085,0.07440784199385365,0.07254417552968763,0.07734113712374582,0.00026651731660609634,0.0005196402051819843,-0.0018005192194958525,0.003692865105908591
rotate_m3,rotate,0.9714795698474112,0.08190734169402386,0.08024872288753036,0.08451783723522854,-0.003876545426991118,0.00801913990535219,0.005904028138346881,0.010869565217391311
resolution_50,resolution,0.941459606343741,0.12907041234042105,0.11730592077715435,0.13809921962095875,-0.03389650893066132,0.05518221055174938,0.04296122602797087,0.06445094760312152
thickness_plus1,thickness,0.9324162558536364,0.13901419238700274,0.1036136002009882,0.18206521739130435,-0.04293985942076595,0.06512599059833107,0.029268905451804716,0.10841694537346712
thickness_minus1,thickness,0.8917857704400314,0.1840408240459853,0.13206599112302153,0.2668617614269788,-0.08357034483437098,0.11015262225731362,0.05772129637383805,0.19321348940914157
