name,kind,auc,eer,far_at_locked_threshold,frr_at_locked_threshold,delta_auc,delta_eer,delta_far_locked,delta_frr_locked
baseline,none,0.9800344737450306,0.07063870654650321,0.07036680345029729,0.07107023411371237,0.0,0.0,0.0,0.0
rotate_p3,rotate,0.9792984942713978,0.07238212074752146,0.06741478938112386,0.07901337792642141,-0.0007359794736327974,0.0017434142010182424,-0.0029520140691734337,0.007943143812709039
rotate_m3,rotate,0.9763081181927364,0.07859176999661191,0.07476342014906624,0.08312430323299888,-0.0037263555522941694,0.007953063450108697,0.0043966166987689514,0.012054069119286512
resolution_50,resolution,0.9446488128014578,0.12589402774342862,0.09264299472405996,0.18694258639910813,-0.03538566094357276,0.0552553211969254,0.022276191273762666,0.11587235228539576
thickness_plus1,thickness,0.9688775774777363,0.0913524178054177,0.06967590654049075,0.1242335562987737,-0.011156896267294325,0.020713711258914483,-0.0006908969098065459,0.053163322185061326
thickness_minus1,thickness,0.900410818573613,0.17806440881248448,0.1133489657482623,0.2822603121516165,-0.07962365517141756,0.10742570226598126,0.042982162297965004,0.21119007803790413
