name,kind,auc,eer,far_at_locked_threshold,frr_at_locked_threshold,delta_auc,delta_eer,delta_far_locked,delta_frr_locked
baseline,none,0.9785185985207183,0.07562081525508593,0.07624989531865004,0.07469342251950947,0.0,0.0,0.0,0.0
rotate_p3,rotate,0.9552664542393823,0.11501958148092857,0.08625743237584792,0.1451365663322185,-0.02325214428133604,0.03939876622584264,0.010007537057197882,0.07044314381270902
rotate_m3,rotate,0.9552313139238939,0.11725809937226667,0.09044468637467548,0.14569397993311037,-0.023287284596824387,0.041637284117180734,0.014194791056025446,0.0710005574136009
resolution_50,resolution,0.6604054542671106,0.3786067130550924,0.06668201993132904,0.844551282051282,-0.3181131442536077,0.3029858978000065,-0.009567875387320998,0.7698578595317725
thickness_plus1,thickness,0.6535762966751615,0.38452358712387186,0.07254417552968763,0.7993311036789298,-0.32494230184555684,0.3089027718687859,-0.0037057197889624055,0.7246376811594203
thickness_minus1,thickness,0.4827612420242614,0.5120283772584213,0.05194288585545599,0.9485785953177257,-0.4957573564964569,0.4364075620033354,-0.024307009463194043,0.8738851727982162
