{
  "checkpoint": "/users/smondal/signature-project/repo/siamese/runs/siamese_full_augmild_20260408-125242/checkpoints/best.pt",
  "device": "cuda",
  "locked_threshold": 0.7795443558752686,
  "pair_counts": {
    "positive": 14352,
    "random_impostor": 10324,
    "skilled": 37440
  },
  "run_profile": "full",
  "split": "val",
  "sweep": [
    {
      "config": {
        "kind": "none",
        "name": "baseline"
      },
      "delta_from_baseline": {
        "auc": 0.0,
        "eer": 0.0,
        "far_at_locked_threshold": 0.0,
        "frr_at_locked_threshold": 0.0
      },
      "metrics": {
        "auc": 0.9753561152744024,
        "eer": 0.07388820178867167,
        "eer_threshold": 0.7789351582348257,
        "far_at_eer": 0.07398877815928315,
        "far_at_locked_threshold": 0.07434469474918348,
        "frr_at_eer": 0.07378762541806021,
        "frr_at_locked_threshold": 0.07364827201783723,
        "n_pairs": 62116
      }
    },
    {
      "config": {
        "degrees": 3.0,
        "kind": "rotate",
        "name": "rotate_p3"
      },
      "delta_from_baseline": {
        "auc": 0.00026651731660609634,
        "eer": 0.0005196402051819843,
        "far_at_locked_threshold": -0.0018005192194958525,
        "frr_at_locked_threshold": 0.003692865105908591
      },
      "metrics": {
        "auc": 0.9756226325910085,
        "eer": 0.07440784199385365,
        "eer_threshold": 0.7832715133835877,
        "far_at_eer": 0.0746796750690897,
        "far_at_locked_threshold": 0.07254417552968763,
        "frr_at_eer": 0.07413600891861762,
        "frr_at_locked_threshold": 0.07734113712374582,
        "n_pairs": 62116
      }
    },
    {
      "config": {
        "degrees": -3.0,
        "kind": "rotate",
        "name": "rotate_m3"
      },
      "delta_from_baseline": {
        "auc": -0.003876545426991118,
        "eer": 0.00801913990535219,
        "far_at_locked_threshold": 0.005904028138346881,
        "frr_at_locked_threshold": 0.010869565217391311
      },
      "metrics": {
        "auc": 0.9714795698474112,
        "eer": 0.08190734169402386,
        "eer_threshold": 0.7827989776367661,
        "far_at_eer": 0.08194456075705553,
        "far_at_locked_threshold": 0.08024872288753036,
        "frr_at_eer": 0.08187012263099219,
        "frr_at_locked_threshold": 0.08451783723522854,
        "n_pairs": 62116
      }
    },
    {
      "config": {
        "kind": "resolution",
        "name": "resolution_50",
        "scale": 0.5
      },
      "delta_from_baseline": {
        "auc": -0.03389650893066132,
        "eer": 0.05518221055174938,
        "far_at_locked_threshold": 0.04296122602797087,
        "frr_at_locked_threshold": 0.06445094760312152
      },
      "metrics": {
        "auc": 0.941459606343741,
        "eer": 0.12907041234042105,
        "eer_threshold": 0.7920694583174346,
        "far_at_eer": 0.12882086927393016,
        "far_at_locked_threshold": 0.11730592077715435,
        "frr_at_eer": 0.12931995540691194,
        "frr_at_locked_threshold": 0.13809921962095875,
        "n_pairs": 62116
      }
    },
    {
      "config": {
        "delta_pixels": 1,
        "kind": "thickness",
        "name": "thickness_plus1"
      },
      "delta_from_baseline": {
        "auc": -0.04293985942076595,
        "eer": 0.06512599059833107,
        "far_at_locked_threshold": 0.029268905451804716,
        "frr_at_locked_threshold": 0.10841694537346712
      },
      "metrics": {
        "auc": 0.9324162558536364,
        "eer": 0.13901419238700274,
        "eer_threshold": 0.8267170270721337,
        "far_at_eer": 0.1387446612511515,
        "far_at_locked_threshold": 0.1036136002009882,
        "frr_at_eer": 0.13928372352285395,
        "frr_at_locked_threshold": 0.18206521739130435,
        "n_pairs": 62116
      }
    },
    {
      "config": {
        "delta_pixels": -1,
        "kind": "thickness",
        "name": "thickness_minus1"
      },
      "delta_from_baseline": {
        "auc": -0.08357034483437098,
        "eer": 0.11015262225731362,
        "far_at_locked_threshold": 0.05772129637383805,
        "frr_at_locked_threshold": 0.19321348940914157
      },
      "metrics": {
        "auc": 0.8917857704400314,
        "eer": 0.1840408240459853,
        "eer_threshold": 0.8423038528316197,
        "far_at_eer": 0.1845532199983251,
        "far_at_locked_threshold": 0.13206599112302153,
        "frr_at_eer": 0.18352842809364547,
        "frr_at_locked_threshold": 0.2668617614269788,
        "n_pairs": 62116
      }
    }
  ]
}